SeedId,SynthId,UtteranceIndex,Utterance,Role,Type,SythesizedBy,SynthesisTime,Category
NA,b1875b96-1e2a-483e-866d-14cf95a6a876,0,What were the sales numbers for Men's Clothing in Zone 500 in Q3 of last year?,User,query,Suriyadeepan Ramamoorthy,NA,Movement/Sales
NA,b1875b96-1e2a-483e-866d-14cf95a6a876,1,"Call Movement API with {""product-name"" = ""Men's Clothing"", ""quarter"" = 3, ""metrics"" = [""sales""], ""location-name"" = ""Zone 500""}",AI,api_call,Suriyadeepan Ramamoorthy,NA,Movement/Sales
NA,b669daf3-17d4-485b-b90d-eb036178504f,0,Can you give me the sales figures for Beauty products in Zone 1000 for the last six months?,User,query,Suriyadeepan Ramamoorthy,NA,Movement/Sales
NA,b669daf3-17d4-485b-b90d-eb036178504f,1,"Call Movement API with {""product-name"" = ""Beauty products"", ""quarter"" = ""last six months"", ""metrics"" = [""sales""], ""location-name"" = ""Zone 1000""}",AI,api_call,Suriyadeepan Ramamoorthy,NA,Movement/Sales
NA,8e42d80e-da9a-44c2-8213-964220ba460a,0,I need to see the movement of Electronics in Zone 250 for the last year.,User,query,Suriyadeepan Ramamoorthy,NA,Movement/Sales
NA,8e42d80e-da9a-44c2-8213-964220ba460a,1,"Call Movement API with {""product-name"" = ""Electronics"", ""quarter"" = ""last year"", ""metrics"" = [""movement""], ""location-name"" = ""Zone 250""}",AI,api_call,Suriyadeepan Ramamoorthy,NA,Movement/Sales
NA,fab0a42f-d521-479b-8acd-cad658b3fa57,0,How much revenue was generated from Home Decor in Zone 750 in the first quarter of this year?,User,query,Suriyadeepan Ramamoorthy,NA,Movement/Sales
NA,fab0a42f-d521-479b-8acd-cad658b3fa57,1,"Call Movement API with {""product-name"" = ""Home Decor"", ""quarter"" = 1, ""metrics"" = [""sales""], ""location-name"" = ""Zone 750""}",AI,api_call,Suriyadeepan Ramamoorthy,NA,Movement/Sales
NA,30016750-a7c8-42db-96e8-64bd80412dfe,0,What was the sales performance for Shoes in Zone 300 in Q4 of last year?,User,query,Suriyadeepan Ramamoorthy,NA,Movement/Sales
NA,30016750-a7c8-42db-96e8-64bd80412dfe,1,"Call Movement API with {""product-name"" = ""Shoes"", ""quarter"" = 4, ""metrics"" = [""sales""], ""location-name"" = ""Zone 300""}",AI,api_call,Suriyadeepan Ramamoorthy,NA,Movement/Sales
NA,521c7334-ca80-4abe-978b-30917ba3a4ba,0,Can you provide me with the sales data for Toys and Games in Zone 800 for the last six months?,User,query,Suriyadeepan Ramamoorthy,NA,Movement/Sales
NA,521c7334-ca80-4abe-978b-30917ba3a4ba,1,"Call Movement API with {""product-name"" = ""Toys and Games"", ""quarter"" = ""last six months"", ""metrics"" = [""sales""], ""location-name"" = ""Zone 800""}",AI,api_call,Suriyadeepan Ramamoorthy,NA,Movement/Sales
NA,b7c61c6f-7c2c-41bb-874c-913669f47f18,0,What were the quarterly sales figures for Sports Equipment in Zone 400?,User,query,Suriyadeepan Ramamoorthy,NA,Movement/Sales
NA,b7c61c6f-7c2c-41bb-874c-913669f47f18,1,"Call Movement API with {""product-name"" = ""Sports Equipment"", ""quarter"" = ""quarterly"", ""metrics"" = [""sales""], ""location-name"" = ""Zone 400""}",AI,api_call,Suriyadeepan Ramamoorthy,NA,Movement/Sales
NA,b8643138-36b8-4467-b877-4520e4981bcb,0,I want to see the sales numbers for Outdoor Gear in Zone 900 for the first half of this year.,User,query,Suriyadeepan Ramamoorthy,NA,Movement/Sales
NA,b8643138-36b8-4467-b877-4520e4981bcb,1,"Call Movement API with {""product-name"" = ""Outdoor Gear"", ""quarter"" = ""first half of the year"", ""metrics"" = [""sales""], ""location-name"" = ""Zone 900""}",AI,api_call,Suriyadeepan Ramamoorthy,NA,Movement/Sales
NA,7a8541c5-d9cd-492a-ba12-c79901ff784f,0,Please give me the sales performance of Pet Supplies in Zone 150 for Q2 and Q3 of last year.,User,query,Suriyadeepan Ramamoorthy,NA,Movement/Sales
NA,7a8541c5-d9cd-492a-ba12-c79901ff784f,1,"Call Movement API with {""product-name"" = ""Pet Supplies"", ""quarter"" = [""Q2"", ""Q3""], ""metrics"" = [""sales""], ""location-name"" = ""Zone 150""}",AI,api_call,Suriyadeepan Ramamoorthy,NA,Movement/Sales
NA,37fc1c5a-31d8-4a8d-a53d-4a14f758958b,0,What was the revenue generated from Jewelry sales in Zone 600 in the last year?,User,query,Suriyadeepan Ramamoorthy,NA,Movement/Sales
NA,37fc1c5a-31d8-4a8d-a53d-4a14f758958b,1,"Call Movement API with {""product-name"" = ""Jewelry sales"", ""quarter"" = ""last year"", ""metrics"" = [""sales""], ""location-name"" = ""Zone 600""}",AI,api_call,Suriyadeepan Ramamoorthy,NA,Movement/Sales
NA,6a08eb4b-ea58-4750-bc86-ff1224fc0e0f,0,What are the sales targets for Snacks in Zone 35 for the next quarter?,User,query,Suriyadeepan Ramamoorthy,NA,Budget/Forecast
NA,6a08eb4b-ea58-4750-bc86-ff1224fc0e0f,1,"Call Budget API with {""product-name"" = ""Snacks"", ""quarter"" = ""next"", ""location-name"" = ""Zone 35""} and Call Forecast API with {""product-name"" = ""Snacks"", ""quarter"" = ""next"", ""location-name"" = ""Zone 35""}",AI,api_call,Suriyadeepan Ramamoorthy,NA,Budget/Forecast
NA,d7bd1130-be62-40e8-9280-3477e34e7832,0,Can you tell me the budget goals for Frozen Foods for the entire year?,User,query,Suriyadeepan Ramamoorthy,NA,Budget/Forecast
NA,d7bd1130-be62-40e8-9280-3477e34e7832,1,"Call Budget API with {""product-name"" = ""Frozen Foods"", ""quarter"" = ""yearly"", ""location-name"" = ""all""} and Call Forecast API with {""product-name"" = ""Frozen Foods"", ""quarter"" = ""yearly"", ""location-name"" = ""all""}",AI,api_call,Suriyadeepan Ramamoorthy,NA,Budget/Forecast
NA,b4f80837-fdeb-49d2-9008-6e0b719c1e12,0,What is the projected revenue for Beverages in Zone 20 for the next six months?,User,query,Suriyadeepan Ramamoorthy,NA,Budget/Forecast
NA,b4f80837-fdeb-49d2-9008-6e0b719c1e12,1,"Call Budget API with {""product-name"" = ""Beverages"", ""quarter"" = ""next-6-months"", ""location-name"" = ""Zone 20""} and Call Forecast API with {""product-name"" = ""Beverages"", ""quarter"" = ""next-6-months"", ""location-name"" = ""Zone 20""}",AI,api_call,Suriyadeepan Ramamoorthy,NA,Budget/Forecast
NA,e11056ab-9654-4de9-8bc6-9ed002de19c4,0,How are we performing in terms of meeting the budget targets for Bakery products in the current quarter?,User,query,Suriyadeepan Ramamoorthy,NA,Budget/Forecast
NA,e11056ab-9654-4de9-8bc6-9ed002de19c4,1,"Call Budget API with {""product-name"" = ""Bakery products"", ""quarter"" = ""current"", ""location-name"" = ""all""} and Call Forecast API with {""product-name"" = ""Bakery products"", ""quarter"" = ""current"", ""location-name"" = ""all""}",AI,api_call,Suriyadeepan Ramamoorthy,NA,Budget/Forecast
NA,f82c0579-f181-496b-862f-7048af9f6df7,0,What are the financial goals for Meat and Poultry for the upcoming year?,User,query,Suriyadeepan Ramamoorthy,NA,Budget/Forecast
NA,f82c0579-f181-496b-862f-7048af9f6df7,1,"Call Budget API with {""product-name"" = ""Meat and Poultry"", ""quarter"" = ""upcoming-year"", ""location-name"" = ""all""} and Call Forecast API with {""product-name"" = ""Meat and Poultry"", ""quarter"" = ""upcoming-year"", ""location-name"" = ""all""}",AI,api_call,Suriyadeepan Ramamoorthy,NA,Budget/Forecast
NA,351480a9-5f56-4956-a2ba-991739c612fe,0,Can you provide me with the budget projections for Produce in Zone 450 for the next quarter?,User,query,Suriyadeepan Ramamoorthy,NA,Budget/Forecast
NA,351480a9-5f56-4956-a2ba-991739c612fe,1,"Call Budget API with {""product-name"" = ""Produce"", ""quarter"" = ""next"", ""location-name"" = ""Zone 450""} and Call Forecast API with {""product-name"" = ""Produce"", ""quarter"" = ""next"", ""location-name"" = ""Zone 450""}",AI,api_call,Suriyadeepan Ramamoorthy,NA,Budget/Forecast
NA,0960506d-dfbf-4a0c-939f-f7ddd528826f,0,What is the expected revenue for Seafood in the current quarter across all locations?,User,query,Suriyadeepan Ramamoorthy,NA,Budget/Forecast
NA,0960506d-dfbf-4a0c-939f-f7ddd528826f,1,"Call Budget API with {""product-name"" = ""Seafood"", ""quarter"" = ""current"", ""location-name"" = ""all""} and Call Forecast API with {""product-name"" = ""Seafood"", ""quarter"" = ""current"", ""location-name"" = ""all""}",AI,api_call,Suriyadeepan Ramamoorthy,NA,Budget/Forecast
NA,c4b97db7-1ec7-486d-8dff-ad8ef36ab712,0,What are the sales targets for Canned Goods for the next six months in Zone 710?,User,query,Suriyadeepan Ramamoorthy,NA,Budget/Forecast
NA,c4b97db7-1ec7-486d-8dff-ad8ef36ab712,1,"Call Budget API with {""product-name"" = ""Canned Goods"", ""quarter"" = ""next-6-months"", ""location-name"" = ""Zone 710""} and Call Forecast API with {""product-name"" = ""Canned Goods"", ""quarter"" = ""next-6-months"", ""location-name"" = ""Zone 710""}",AI,api_call,Suriyadeepan Ramamoorthy,NA,Budget/Forecast
NA,ca6d9b62-d128-4913-95c6-37328f5e623c,0,How are we tracking against the budget goals for Deli products for the first half of the year?,User,query,Suriyadeepan Ramamoorthy,NA,Budget/Forecast
NA,ca6d9b62-d128-4913-95c6-37328f5e623c,1,"Call Budget API with {""product-name"" = ""Deli products"", ""quarter"" = ""first-half"", ""location-name"" = ""all""} and Call Forecast API with {""product-name"" = ""Deli products"", ""quarter"" = ""first-half"", ""location-name"" = ""all""}",AI,api_call,Suriyadeepan Ramamoorthy,NA,Budget/Forecast
NA,692f0da1-5f86-4d29-bd15-20eba1e893f0,0,Can you give me an update on the revenue projections for Dairy in Zone 880 for the next three months?,User,query,Suriyadeepan Ramamoorthy,NA,Budget/Forecast
NA,692f0da1-5f86-4d29-bd15-20eba1e893f0,1,"Call Budget API with {""product-name"" = ""Dairy"", ""quarter"" = ""next-3-months"", ""location-name"" = ""Zone 880""} and Call Forecast API with {""product-name"" = ""Dairy"", ""quarter"" = ""next-3-months"", ""location-name"" = ""Zone 880""}",AI,api_call,Suriyadeepan Ramamoorthy,NA,Budget/Forecast
NA,340c8ea9-d750-4c18-ad9e-02fdcabf00bc,0,What are the Secondary KVIs for Health and Wellness in Zone 15?,User,query,Suriyadeepan Ramamoorthy,NA,KVI
NA,340c8ea9-d750-4c18-ad9e-02fdcabf00bc,1,"Call KVI API with {""product-name"" = ""Health and Wellness"", ""location-name"" = ""Zone 15"", type = ""Secondary""}",AI,api_call,Suriyadeepan Ramamoorthy,NA,KVI
NA,b24e28a3-cb1a-4c64-b23e-4b2e920cd02f,0,Can you provide me with a list of the Top KVIs for Personal Care in Zone 35?,User,query,Suriyadeepan Ramamoorthy,NA,KVI
NA,b24e28a3-cb1a-4c64-b23e-4b2e920cd02f,1,"Call KVI API with {""product-name"" = ""Personal Care"", ""location-name"" = ""Zone 35"", type = ""Primary""}",AI,api_call,Suriyadeepan Ramamoorthy,NA,KVI
NA,6f6b0bc5-e9a7-4fc3-8062-ef28819f9a96,0,Give me the Primary KVIs for Baby Products in Zone 20.,User,query,Suriyadeepan Ramamoorthy,NA,KVI
NA,6f6b0bc5-e9a7-4fc3-8062-ef28819f9a96,1,"Call KVI API with {""product-name"" = ""Baby Products"", ""location-name"" = ""Zone 20"", type = ""Primary""}",AI,api_call,Suriyadeepan Ramamoorthy,NA,KVI
NA,d0889645-a36f-43b4-bf0f-cfe48767dded,0,What are the Top KVIs for Household Supplies in Zone 85?,User,query,Suriyadeepan Ramamoorthy,NA,KVI
NA,d0889645-a36f-43b4-bf0f-cfe48767dded,1,"Call KVI API with {""product-name"" = ""Household Supplies"", ""location-name"" = ""Zone 85"", type = ""Primary""}",AI,api_call,Suriyadeepan Ramamoorthy,NA,KVI
NA,2b5a695e-3c5c-4ce2-83a5-ccbf4186dbfe,0,Can you give me a list of Secondary KVIs for Pet Care in Zone 710?,User,query,Suriyadeepan Ramamoorthy,NA,KVI
NA,2b5a695e-3c5c-4ce2-83a5-ccbf4186dbfe,1,"Call KVI API with {""product-name"" = ""Pet Care"", ""location-name"" = ""Zone 710"", type = ""Secondary""}",AI,api_call,Suriyadeepan Ramamoorthy,NA,KVI
NA,ec8c7a4d-c5d5-4abb-937d-107ae11dace3,0,What are the Primary KVIs for Beauty and Cosmetics in Zone 450?,User,query,Suriyadeepan Ramamoorthy,NA,KVI
NA,ec8c7a4d-c5d5-4abb-937d-107ae11dace3,1,"Call KVI API with {""product-name"" = ""Beauty and Cosmetics"", ""location-name"" = ""Zone 450"", type = ""Primary""}",AI,api_call,Suriyadeepan Ramamoorthy,NA,KVI
NA,91f549f1-63f6-4473-bb12-bbeba09db0c7,0,Provide me with the Top KVIs for Toys and Games in Zone 880.,User,query,Suriyadeepan Ramamoorthy,NA,KVI
NA,91f549f1-63f6-4473-bb12-bbeba09db0c7,1,"Call KVI API with {""product-name"" = ""Toys and Games"", ""location-name"" = ""Zone 880"", type = ""Primary""}",AI,api_call,Suriyadeepan Ramamoorthy,NA,KVI
NA,9834a903-96e4-48cc-999b-25cea2d9a236,0,What are the Secondary KVIs for Office Supplies in Zone 690?,User,query,Suriyadeepan Ramamoorthy,NA,KVI
NA,9834a903-96e4-48cc-999b-25cea2d9a236,1,"Call KVI API with {""product-name"" = ""Office Supplies"", ""location-name"" = ""Zone 690"", type = ""Secondary""}",AI,api_call,Suriyadeepan Ramamoorthy,NA,KVI
NA,19e04e7b-0b59-4985-940f-1375e910bb57,0,Give me the Primary KVIs for Snacks and Confectionery in Zone 42.,User,query,Suriyadeepan Ramamoorthy,NA,KVI
NA,19e04e7b-0b59-4985-940f-1375e910bb57,1,"Call KVI API with {""product-name"" = ""Snacks and Confectionery"", ""location-name"" = ""Zone 42"", type = ""Primary""}",AI,api_call,Suriyadeepan Ramamoorthy,NA,KVI
NA,1e9a42f8-58ea-4539-a300-e846ce2f128e,0,Can you provide me with a list of Top KVIs for Home Appliances in Zone 260?,User,query,Suriyadeepan Ramamoorthy,NA,KVI
NA,1e9a42f8-58ea-4539-a300-e846ce2f128e,1,"Call KVI API with {""product-name"" = ""Home Appliances"", ""location-name"" = ""Zone 260"", type = ""Primary""}",AI,api_call,Suriyadeepan Ramamoorthy,NA,KVI
NA,228eff02-412a-4694-8819-2b2033a72387,0,What are the products that have had a price change in the last two weeks for Snacks in Zone 15?,User,query,Suriyadeepan Ramamoorthy,NA,Price Change
NA,228eff02-412a-4694-8819-2b2033a72387,1,"Call Cost API with {""product-name"" = ""Snacks"", ""location-name"" = ""Zone 15"", week = ""last 2"", change = ""Y""}",AI,api_call,Suriyadeepan Ramamoorthy,NA,Price Change
NA,9e2d78f1-e571-4580-a64c-4222b0309b57,0,Can you give me a list of all items with a cost change in the last month for Beauty and Cosmetics in Zone 35?,User,query,Suriyadeepan Ramamoorthy,NA,Price Change
NA,9e2d78f1-e571-4580-a64c-4222b0309b57,1,"Call Cost API with {""product-name"" = ""Beauty and Cosmetics"", ""location-name"" = ""Zone 35"", week = ""last month"", change = ""Y""}",AI,api_call,Suriyadeepan Ramamoorthy,NA,Price Change
NA,ed4bd1e9-edb5-4345-9345-c2f8404d5aed,0,Show me the products with a price change in the last week for Beverages in Zone 20.,User,query,Suriyadeepan Ramamoorthy,NA,Price Change
NA,ed4bd1e9-edb5-4345-9345-c2f8404d5aed,1,"Call Price API with {""product-name"" = ""Beverages"", ""location-name"" = ""Zone 20"", week = ""last week"", change = ""Y""}",AI,api_call,Suriyadeepan Ramamoorthy,NA,Price Change
NA,f40fad57-9338-4298-b1d3-2c95c672cf37,0,What are the items with a cost change in the last three weeks for Toys and Games in Zone 450?,User,query,Suriyadeepan Ramamoorthy,NA,Price Change
NA,f40fad57-9338-4298-b1d3-2c95c672cf37,1,"Call Cost API with {""product-name"" = ""Toys and Games"", ""location-name"" = ""Zone 450"", week = ""last 3"", change = ""Y""}",AI,api_call,Suriyadeepan Ramamoorthy,NA,Price Change
NA,83f92c86-918a-4724-b572-a7462b8b1de4,0,Can you provide me with a list of all products with a price change in the last four weeks for Frozen Foods in Zone 35?,User,query,Suriyadeepan Ramamoorthy,NA,Price Change
NA,83f92c86-918a-4724-b572-a7462b8b1de4,1,"Call Price API with {""product-name"" = ""Frozen Foods"", ""location-name"" = ""Zone 35"", week = ""last 4"", change = ""Y""}",AI,api_call,Suriyadeepan Ramamoorthy,NA,Price Change
NA,026e996e-c4db-4d12-9881-8e417cd246db,0,Show me all items with a cost change in the last two weeks for Home Appliances in Zone 880.,User,query,Suriyadeepan Ramamoorthy,NA,Price Change
NA,026e996e-c4db-4d12-9881-8e417cd246db,1,"Call Cost API with {""product-name"" = ""Home Appliances"", ""location-name"" = ""Zone 880"", week = ""last 2"", change = ""Y""}",AI,api_call,Suriyadeepan Ramamoorthy,NA,Price Change
NA,080ee394-ff92-49ae-ac8b-a989cef3ccd1,0,What are the products that have had a price change in the last week for Meat and Poultry in Zone 450?,User,query,Suriyadeepan Ramamoorthy,NA,Price Change
NA,080ee394-ff92-49ae-ac8b-a989cef3ccd1,1,"Call Price API with {""product-name"" = ""Meat and Poultry"", ""location-name"" = ""Zone 450"", week = ""last week"", change = ""Y""}",AI,api_call,Suriyadeepan Ramamoorthy,NA,Price Change
NA,bb7833af-8b71-4949-b64a-f3f6e130ea7f,0,Provide me with a list of all items with a cost change in the last month for Personal Care in Zone 15.,User,query,Suriyadeepan Ramamoorthy,NA,Price Change
NA,bb7833af-8b71-4949-b64a-f3f6e130ea7f,1,"Call Cost API with {""product-name"" = ""Personal Care"", ""location-name"" = ""Zone 15"", week = ""last month"", change = ""Y""}",AI,api_call,Suriyadeepan Ramamoorthy,NA,Price Change
NA,4f7841cf-2bff-43cd-bac6-3d85cdb343f1,0,Show me the products with a price change in the last three weeks for Office Supplies in Zone 690.,User,query,Suriyadeepan Ramamoorthy,NA,Price Change
NA,4f7841cf-2bff-43cd-bac6-3d85cdb343f1,1,"Call Price API with {""product-name"" = ""Office Supplies"", ""location-name"" = ""Zone 690"", week = ""last 3"", change = ""Y""}",AI,api_call,Suriyadeepan Ramamoorthy,NA,Price Change
NA,bbc112a4-fbeb-433e-89ff-06d4b17bbae2,0,What are the items with a cost change in the last five days for Canned Goods in Zone 260?,User,query,Suriyadeepan Ramamoorthy,NA,Price Change
NA,bbc112a4-fbeb-433e-89ff-06d4b17bbae2,1,"Call Cost API with {""product-name"" = ""Canned Goods"", ""location-name"" = ""Zone 260"", week = ""last 5 days"", change = ""Y""}",AI,api_call,Suriyadeepan Ramamoorthy,NA,Price Change
NA,0950ba7a-1bcd-4eef-9151-77a11e3cc06e,0,What percentage of our Frozen Foods sales are from promotions in Zone 1?,User,query,Suriyadeepan Ramamoorthy,NA,Promotions Percent
NA,0950ba7a-1bcd-4eef-9151-77a11e3cc06e,1,"Call Movement API with {""product-name"" = ""Frozen Foods"", ""location-name"" = ""Zone 1"", metrics = [""sales""]} and Call Movement API with {""product-name"" = ""Frozen Foods"", ""location-name"" = ""Zone 1"", metrics = [""sales""], ""promo"" = ""Y""} and Call Calculator API with {""operation"" = ""division"", ""data"" = [Movement API Response 2, Movement API Response 1], ""format"" = ""percent""}",AI,api_call,Suriyadeepan Ramamoorthy,NA,Promotions Percent
NA,b8431d38-749b-4290-bc01-2af02ad00999,0,Can you tell me the percentage of sales from promotions for Dairy in Zone 35 in the last quarter?,User,query,Suriyadeepan Ramamoorthy,NA,Promotions Percent
NA,b8431d38-749b-4290-bc01-2af02ad00999,1,"Call Movement API with {""product-name"" = ""Dairy"", ""location-name"" = ""Zone 35"", week = ""last quarter"", metrics = [""sales""]} and Call Movement API with {""product-name"" = ""Dairy"", ""location-name"" = ""Zone 35"", week = ""last quarter"", metrics = [""sales""], ""promo"" = ""Y""} and Call Calculator API with {""operation"" = ""division"", ""data"" = [Movement API Response 2, Movement API Response 1], ""format"" = ""percent""}",AI,api_call,Suriyadeepan Ramamoorthy,NA,Promotions Percent
NA,fe9f2e27-cde0-4779-b594-c2a1d2c9e5b7,0,What % of our Meat and Poultry sales come from promotions for the entire year in Zone 1?,User,query,Suriyadeepan Ramamoorthy,NA,Promotions Percent
NA,fe9f2e27-cde0-4779-b594-c2a1d2c9e5b7,1,"Call Movement API with {""product-name"" = ""Meat and Poultry"", ""location-name"" = ""Zone 1"", week = ""entire year"", metrics = [""sales""]} and Call Movement API with {""product-name"" = ""Meat and Poultry"", ""location-name"" = ""Zone 1"", week = ""entire year"", metrics = [""sales""], ""promo"" = ""Y""} and Call Calculator API with {""operation"" = ""division"", ""data"" = [Movement API Response 2, Movement API Response 1], ""format"" = ""percent""}",AI,api_call,Suriyadeepan Ramamoorthy,NA,Promotions Percent
NA,4cc4b7ec-c01e-4123-8117-6d178ae859ec,0,How much of our sales for Canned Goods in Zone 50 are from promotions in the current quarter?,User,query,Suriyadeepan Ramamoorthy,NA,Promotions Percent
NA,4cc4b7ec-c01e-4123-8117-6d178ae859ec,1,"Call Movement API with {""product-name"" = ""Canned Goods"", ""location-name"" = ""Zone 50"", week = ""current quarter"", metrics = [""sales""]} and Call Movement API with {""product-name"" = ""Canned Goods"", ""location-name"" = ""Zone 50"", week = ""current quarter"", metrics = [""sales""], ""promo"" = ""Y""} and Call Calculator API with {""operation"" = ""division"", ""data"" = [Movement API Response 2, Movement API Response 1], ""format"" = ""percent""}",AI,api_call,Suriyadeepan Ramamoorthy,NA,Promotions Percent
NA,d68653ff-4f92-4cfe-bc8a-6024ed7706a9,0,What percentage of our Produce sales in Zone 20 are from promotions for the next six months?,User,query,Suriyadeepan Ramamoorthy,NA,Promotions Percent
NA,d68653ff-4f92-4cfe-bc8a-6024ed7706a9,1,"Call Movement API with {""product-name"" = ""Produce"", ""location-name"" = ""Zone 20"", week = ""next 6 months"", metrics = [""sales""]} and Call Movement API with {""product-name"" = ""Produce"", ""location-name"" = ""Zone 20"", week = ""next 6 months"", metrics = [""sales""], ""promo"" = ""Y""} and Call Calculator API with {""operation"" = ""division"", ""data"" = [Movement API Response 2, Movement API Response 1], ""format"" = ""percent""}",AI,api_call,Suriyadeepan Ramamoorthy,NA,Promotions Percent
NA,ec7b7a9e-7575-44ab-9e26-65fd3bce9708,0,Can you provide me with the percentage of sales from promotions for Bakery products for the first half of the year in Zone 1?,User,query,Suriyadeepan Ramamoorthy,NA,Promotions Percent
NA,ec7b7a9e-7575-44ab-9e26-65fd3bce9708,1,"Call Movement API with {""product-name"" = ""Bakery"", ""location-name"" = ""Zone 1"", ""start-date"" = ""01-01-YYYY"", ""end-date"" = ""06-30-YYYY"", metrics = [""sales""]} and Call Movement API with {""product-name"" = ""Bakery"", ""location-name"" = ""Zone 1"", ""start-date"" = ""01-01-YYYY"", ""end-date"" = ""06-30-YYYY"", metrics = [""sales""], ""promo"" = ""Y""} and Call Calculator API with {""operation"" = ""division"", ""data"" = [Movement API Response 2, Movement API Response 1], ""format"" = ""percent""}",AI,api_call,Suriyadeepan Ramamoorthy,NA,Promotions Percent
NA,83ecbf70-f84f-403a-85f3-084314775c60,0,What % of our Seafood sales come from promotions in Zone 450 for the last quarter?,User,query,Suriyadeepan Ramamoorthy,NA,Promotions Percent
NA,83ecbf70-f84f-403a-85f3-084314775c60,1,"Call Movement API with {""product-name"" = ""Seafood"", ""location-name"" = ""Zone 450"", ""week"" = ""last quarter"", metrics = [""sales""]} and Call Movement API with {""product-name"" = ""Seafood"", ""location-name"" = ""Zone 450"", ""week"" = ""last quarter"", metrics = [""sales""], ""promo"" = ""Y""} and Call Calculator API with {""operation"" = ""division"", ""data"" = [Movement API Response 2, Movement API Response 1], ""format"" = ""percent""}",AI,api_call,Suriyadeepan Ramamoorthy,NA,Promotions Percent
NA,ef3232e9-3e82-4b04-b818-34bce14541e5,0,How much of our Deli product sales are from promotions in the current month in Zone 1?,User,query,Suriyadeepan Ramamoorthy,NA,Promotions Percent
NA,ef3232e9-3e82-4b04-b818-34bce14541e5,1,"Call Movement API with {""product-name"" = ""Deli"", ""location-name"" = ""Zone 1"", ""week"" = ""current month"", metrics = [""sales""]} and Call Movement API with {""product-name"" = ""Deli"", ""location-name"" = ""Zone 1"", ""week"" = ""current month"", metrics = [""sales""], ""promo"" = ""Y""} and Call Calculator API with {""operation"" = ""division"", ""data"" = [Movement API Response 2, Movement API Response 1], ""format"" = ""percent""}",AI,api_call,Suriyadeepan Ramamoorthy,NA,Promotions Percent
NA,51327778-c78b-4d9c-9aac-e0889fd5bb84,0,What percentage of our sales for Snacks and Confectionery are from promotions in the last six months in Zone 710?,User,query,Suriyadeepan Ramamoorthy,NA,Promotions Percent
NA,51327778-c78b-4d9c-9aac-e0889fd5bb84,1,"Call Movement API with {""product-name"" = ""Snacks and Confectionery"", ""location-name"" = ""Zone 710"", ""week"" = ""last six months"", metrics = [""sales""]} and Call Movement API with {""product-name"" = ""Snacks and Confectionery"", ""location-name"" = ""Zone 710"", ""week"" = ""last six months"", metrics = [""sales""], ""promo"" = ""Y""} and Call Calculator API with {""operation"" = ""division"", ""data"" = [Movement API Response 2, Movement API Response 1], ""format"" = ""percent""}",AI,api_call,Suriyadeepan Ramamoorthy,NA,Promotions Percent
NA,ba3df426-b0f2-48b9-98e7-ea79b239b436,0,Can you tell me the percentage of sales from promotions for Household Supplies in Zone 880 for the next quarter?,User,query,Suriyadeepan Ramamoorthy,NA,Promotions Percent
NA,ba3df426-b0f2-48b9-98e7-ea79b239b436,1,"Call Movement API with {""product-name"" = ""Household Supplies"", ""location-name"" = ""Zone 880"", ""week"" = ""next quarter"", metrics = [""sales""]} and Call Movement API with {""product-name"" = ""Household Supplies"", ""location-name"" = ""Zone 880"", ""week"" = ""next quarter"", metrics = [""sales""], ""promo"" = ""Y""} and Call Calculator API with {""operation"" = ""division"", ""data"" = [Movement API Response 2, Movement API Response 1], ""format"" = ""percent""}",AI,api_call,Suriyadeepan Ramamoorthy,NA,Promotions Percent
NA,f5ec4206-0acd-4c21-8a2e-568f368821d6,0,Give me a comparison of Eye/Ear Care sales for Zone 1000 this year versus last year.,User,query,Suriyadeepan Ramamoorthy,NA,Sales Comparison
NA,f5ec4206-0acd-4c21-8a2e-568f368821d6,1,"Call Movement API with {""product-name"" = ""Eye/Ear Care"", ""location-name"" = ""Zone 1000"", year = ""last 1"", ""location-aggregate-level"" = ""week""} and Call Movement API with {""product-name"" = ""Eye/Ear Care"", ""location-name"" = ""Zone 1000"", year = ""current"", ""location-aggregate-level"" = ""week""}",AI,api_call,Suriyadeepan Ramamoorthy,NA,Sales Comparison
NA,9480c889-88f8-45d6-bd33-ac47818c50b6,0,Can you show me the YoY change in sales for Zone 500 Beauty and Cosmetics?,User,query,Suriyadeepan Ramamoorthy,NA,Sales Comparison
NA,9480c889-88f8-45d6-bd33-ac47818c50b6,1,"Call Movement API with {""product-name"" = ""Beauty and Cosmetics"", ""location-name"" = ""Zone 500"", year = ""last 1"", ""location-aggregate-level"" = ""year""} and Call Movement API with {""product-name"" = ""Beauty and Cosmetics"", ""location-name"" = ""Zone 500"", year = ""current"", ""location-aggregate-level"" = ""year""} and Call Calculator API with {""operation"" = ""percentage change"", ""data"" = [Movement API Response 2, Movement API Response 1], ""format"" = ""percent""}",AI,api_call,Suriyadeepan Ramamoorthy,NA,Sales Comparison
NA,90d4db60-c13d-4c1f-bc95-3664bd7aeb66,0,Provide me with a comparison of Snacks and Confectionery sales for Zone 150 over the last two years.,User,query,Suriyadeepan Ramamoorthy,NA,Sales Comparison
NA,90d4db60-c13d-4c1f-bc95-3664bd7aeb66,1,"Call Movement API with {""product-name"" = ""Snacks and Confectionery"", ""location-name"" = ""Zone 150"", year = ""last 2"", ""location-aggregate-level"" = ""week""} and Call Movement API with {""product-name"" = ""Snacks and Confectionery"", ""location-name"" = ""Zone 150"", year = ""current"", ""location-aggregate-level"" = ""week""}",AI,api_call,Suriyadeepan Ramamoorthy,NA,Sales Comparison
NA,1a7179b8-47f2-4007-b991-6c55615a7d16,0,Can you give me a list of upcoming items with a BOGO offer in the Home Decor category? Which of these items are on page 1 of the ad in Zone 670?,User,query,Suriyadeepan Ramamoorthy,NA,Promotions
NA,1a7179b8-47f2-4007-b991-6c55615a7d16,1,"Call Promo API with {""product-name"" = ""Home Decor"", ""location-name"" = ""Zone 670"", ""week"" = ""upcoming"", ""type"" = ""BOGO"", ""page-no"" = 1}",AI,api_call,Suriyadeepan Ramamoorthy,NA,Promotions
NA,969ea843-2a0c-430f-aa40-a397f130fbc6,0,Which products are planned to have a Buy One Get One Half Off offer in the next week for the Electronics category and in Zone 240?,User,query,Suriyadeepan Ramamoorthy,NA,Promotions
NA,969ea843-2a0c-430f-aa40-a397f130fbc6,1,"Call Promo API with {""product-name"" = ""Electronics"", ""location-name"" = ""Zone 240"", ""week"" = ""next week"", ""type"" = ""BOGO Half Off""}",AI,api_call,Suriyadeepan Ramamoorthy,NA,Promotions
NA,d602507a-41d0-4b31-a703-63f0436a89de,0,Give me a list of items that will be on sale in the coming week in the Fashion category. Which of these items are on the front page of the ad in Zone 360?,User,query,Suriyadeepan Ramamoorthy,NA,Promotions
NA,d602507a-41d0-4b31-a703-63f0436a89de,1,"Call Promo API with {""product-name"" = ""Fashion"", ""location-name"" = ""Zone 360"", ""week"" = ""coming week"", ""category"" = ""Fashion"", ""page-no"" = 1}",AI,api_call,Suriyadeepan Ramamoorthy,NA,Promotions
NA,9a7bda7b-8cdb-4078-8e8a-fd76dd33a28b,0,What are the upcoming products with a BOGO Free offer in the Health and Wellness category? Which of these products are available in Zone 520?,User,query,Suriyadeepan Ramamoorthy,NA,Promotions
NA,9a7bda7b-8cdb-4078-8e8a-fd76dd33a28b,1,"Call Promo API with {""product-name"" = ""Health and Wellness"", ""location-name"" = ""Zone 520"", ""week"" = ""upcoming"", ""type"" = ""BOGO Free""}",AI,api_call,Suriyadeepan Ramamoorthy,NA,Promotions
NA,2aa310dd-9dbc-4a65-955e-75731bf6db12,0,Which items will be part of a Buy 2 Get 1 Free offer in the next few days in the Toys category in Zone 410?,User,query,Suriyadeepan Ramamoorthy,NA,Promotions
NA,2aa310dd-9dbc-4a65-955e-75731bf6db12,1,"Call Promo API with {""product-name"" = ""Toys"", ""location-name"" = ""Zone 410"", ""week"" = ""next few days"", ""type"" = ""Buy 2 Get 1 Free""}",AI,api_call,Suriyadeepan Ramamoorthy,NA,Promotions
NA,26d53b39-acd8-447a-a7bf-d9e47a0545e4,0,Can you provide me with a list of products planned to be on sale next week in the Beauty category? Which of these items are in Zone 980?,User,query,Suriyadeepan Ramamoorthy,NA,Promotions
NA,26d53b39-acd8-447a-a7bf-d9e47a0545e4,1,"Call Promo API with {""product-name"" = ""Beauty"", ""location-name"" = ""Zone 980"", ""week"" = ""next week"", ""category"" = ""Beauty""}",AI,api_call,Suriyadeepan Ramamoorthy,NA,Promotions
NA,c414d83b-58d7-4196-b0de-962eb2daf5fd,0,What products will be part of a 20% off promotion in the coming days in the Home Appliances category? Are any of these products available in Zone 120?,User,query,Suriyadeepan Ramamoorthy,NA,Promotions
NA,c414d83b-58d7-4196-b0de-962eb2daf5fd,1,"Call Promo API with {""product-name"" = ""Home Appliances"", ""location-name"" = ""Zone 120"", ""week"" = ""coming days"", ""type"" = ""20% off""}",AI,api_call,Suriyadeepan Ramamoorthy,NA,Promotions
NA,8f514dac-4a0a-476a-a441-8a022bbe9876,0,Which products are planned to have a BOGO 50% off offer in the next week in the Baby Care category? Are any of these products available in Zone 820?,User,query,Suriyadeepan Ramamoorthy,NA,Promotions
NA,8f514dac-4a0a-476a-a441-8a022bbe9876,1,"Call Promo API with {""product-name"" = ""Baby Care"", ""location-name"" = ""Zone 820"", ""week"" = ""upcoming"", ""type"" = ""BOGO 50% off""}",AI,api_call,Suriyadeepan Ramamoorthy,NA,Promotions
NA,34b3a7fd-fba7-4ac3-be6c-5f7c43657c75,0,What are the upcoming products with a Buy 3 Get 1 Free offer in the Pet Supplies category? Which of these products are in Zone 710?,User,query,Suriyadeepan Ramamoorthy,NA,Promotions
NA,34b3a7fd-fba7-4ac3-be6c-5f7c43657c75,1,"Call Promo API with {""product-name"" = ""Pet Supplies"", ""location-name"" = ""Zone 710"", ""week"" = ""next few days"", ""type"" = ""Buy 3 Get 1 Free""}",AI,api_call,Suriyadeepan Ramamoorthy,NA,Promotions
NA,b8557d38-97d6-4efe-a95d-104ec0ba9353,0,Give me a list of items that will be on sale in the coming week in the Grocery category. Which of these items are on the back page of the ad in Zone 590?,User,query,Suriyadeepan Ramamoorthy,NA,Promotions
NA,b8557d38-97d6-4efe-a95d-104ec0ba9353,1,"Call Promo API with {""product-name"" = ""Grocery"", ""location-name"" = ""Zone 590"", ""week"" = ""coming week"", ""category"" = ""Grocery"", ""page-no"" = ""back""}",AI,api_call,Suriyadeepan Ramamoorthy,NA,Promotions
NA,b548ece3-ca05-4604-bc3b-d1233b348584,0,Which products will be part of a Buy One Get One Free offer in the next few days in the Home Improvement category? Are any of these products available in Zone 380?,User,query,Suriyadeepan Ramamoorthy,NA,Promotions
NA,b548ece3-ca05-4604-bc3b-d1233b348584,1,"Call Promo API with {""product-name"" = ""Home Improvement"", ""location-name"" = ""Zone 380"", ""week"" = ""next few days"", ""type"" = ""BOGO Free""}",AI,api_call,Suriyadeepan Ramamoorthy,NA,Promotions
NA,fe80195d-bfd8-4ee3-bfa2-9081d38abd48,0,Give me a list of upcoming items with a BOGO 25% off offer in the Toys category. Which of these items are in Zone 950?,User,query,Suriyadeepan Ramamoorthy,NA,Promotions
NA,fe80195d-bfd8-4ee3-bfa2-9081d38abd48,1,"Call Promo API with {""product-name"" = ""Toys"", ""location-name"" = ""Zone 950"", ""week"" = ""upcoming"", ""type"" = ""BOGO 25% off""}",AI,api_call,Suriyadeepan Ramamoorthy,NA,Promotions
NA,32ef00a3-1c39-4ea1-a439-2e8468602a41,0,What products will be part of a 30% off promotion in the coming days in the Sports category? Are any of these products available in Zone 70?,User,query,Suriyadeepan Ramamoorthy,NA,Promotions
NA,32ef00a3-1c39-4ea1-a439-2e8468602a41,1,"Call Promo API with {""product-name"" = ""Sports"", ""location-name"" = ""Zone 70"", ""week"" = ""coming days"", ""type"" = ""30% off""}",AI,api_call,Suriyadeepan Ramamoorthy,NA,Promotions
NA,70ff162a-1901-4825-96d9-265d2ae40787,0,Which items are planned to be on sale next week in the Kitchen Appliances category? Are any of these items on the endcaps in Zone 890?,User,query,Suriyadeepan Ramamoorthy,NA,Promotions
NA,70ff162a-1901-4825-96d9-265d2ae40787,1,"Call Promo API with {""product-name"" = ""Kitchen Appliances"", ""location-name"" = ""Zone 890"", ""week"" = ""next week"", ""category"" = ""Kitchen Appliances"", ""endcaps"" = ""yes""}",AI,api_call,Suriyadeepan Ramamoorthy,NA,Promotions
NA,f156a04e-92c4-49ae-9e84-ec0dcf20e5b8,0,Can you provide me with a list of products planned to be part of a Buy 2 Get 2 Free offer in the next few days in the Office Supplies category? Which of these products are available in Zone 580?,User,query,Suriyadeepan Ramamoorthy,NA,Promotions
NA,f156a04e-92c4-49ae-9e84-ec0dcf20e5b8,1,"Call Promo API with {""product-name"" = ""Office Supplies"", ""location-name"" = ""Zone 580"", ""week"" = ""next few days"", ""type"" = ""Buy 2 Get 2 Free""}",AI,api_call,Suriyadeepan Ramamoorthy,NA,Promotions
NA,29535614-f364-4c6e-86da-f9c596e026af,0,What are the upcoming products with a Buy One Get One 25% off offer in the Health and Beauty category? Which of these products are in Zone 420?,User,query,Suriyadeepan Ramamoorthy,NA,Promotions
NA,29535614-f364-4c6e-86da-f9c596e026af,1,"Call Promo API with {""product-name"" = ""Health and Beauty"", ""location-name"" = ""Zone 420"", ""week"" = ""upcoming"", ""type"" = ""BOGO 25% off""}",AI,api_call,Suriyadeepan Ramamoorthy,NA,Promotions
NA,6523d0cc-c1a8-4c4d-820d-ef362a69dbd4,0,Give me a list of items that will be part of a 10 for $10 promotion in the coming week in the Snacks category. Which of these items are on the side panels of the ad in Zone 300?,User,query,Suriyadeepan Ramamoorthy,NA,Promotions
NA,6523d0cc-c1a8-4c4d-820d-ef362a69dbd4,1,"Call Promo API with {""product-name"" = ""Snacks"", ""location-name"" = ""Zone 300"", ""week"" = ""coming week"", ""type"" = ""10 for $10"", ""page-no"" = ""side panels""}",AI,api_call,Suriyadeepan Ramamoorthy,NA,Promotions
